0101,Halden,2019,31177,59.08595732263681,11.498404769493327,ØSTFOLD,VIKEN
0104,Moss,2019,32726,59.08595732263681,11.498404769493327,ØSTFOLD,VIKEN
0105,Sarpsborg,2019,55997,59.08595732263681,11.498404769493327,ØSTFOLD,VIKEN
0106,Fredrikstad,2019,81772,59.08595732263681,11.498404769493327,ØSTFOLD,VIKEN
0111,Hvaler,2019,4599,59.08595732263681,11.498404769493327,ØSTFOLD,VIKEN
0118,Aremark,2019,1357,59.08595732263681,11.498404769493327,ØSTFOLD,VIKEN
0119,Marker,2019,3592,59.08595732263681,11.498404769493327,ØSTFOLD,VIKEN
0121,Rømskog,2019,673,59.08595732263681,11.498404769493327,ØSTFOLD,VIKEN
0122,Trøgstad,2019,5347,59.08595732263681,11.498404769493327,ØSTFOLD,VIKEN
0123,Spydeberg,2019,6042,59.08595732263681,11.498404769493327,ØSTFOLD,VIKEN
0124,Askim,2019,15865,59.08595732263681,11.498404769493327,ØSTFOLD,VIKEN
0125,Eidsberg,2019,11424,59.08595732263681,11.498404769493327,ØSTFOLD,VIKEN
0127,Skiptvet,2019,3797,59.08595732263681,11.498404769493327,ØSTFOLD,VIKEN
0128,Rakkestad,2019,8230,59.08595732263681,11.498404769493327,ØSTFOLD,VIKEN
0135,Råde,2019,7542,59.08595732263681,11.498404769493327,ØSTFOLD,VIKEN
0136,Rygge,2019,16145,59.08595732263681,11.498404769493327,ØSTFOLD,VIKEN
0137,Våler,2019,5593,59.08595732263681,11.498404769493327,ØSTFOLD,VIKEN
0138,Hobøl,2019,5642,59.08595732263681,11.498404769493327,ØSTFOLD,VIKEN
0211,Vestby,2019,17824,59.08595732263681,11.498404769493327,AKERSHUS,VIKEN
0213,Ski,2019,30843,59.08595732263681,11.498404769493327,AKERSHUS,VIKEN
0214,Ås,2019,20335,59.08595732263681,11.498404769493327,AKERSHUS,VIKEN
0215,Frogn,2019,15761,59.08595732263681,11.498404769493327,AKERSHUS,VIKEN
0216,Nesodden,2019,19488,59.08595732263681,11.498404769493327,AKERSHUS,VIKEN
0217,Oppegård,2019,27394,59.08595732263681,11.498404769493327,AKERSHUS,VIKEN
0219,Bærum,2019,126841,59.08595732263681,11.498404769493327,AKERSHUS,VIKEN
0220,Asker,2019,61523,59.08595732263681,11.498404769493327,AKERSHUS,VIKEN
0221,Aurskog-Høland,2019,16500,59.08595732263681,11.498404769493327,AKERSHUS,VIKEN
0226,Sørum,2019,18263,59.08595732263681,11.498404769493327,AKERSHUS,VIKEN
0227,Fet,2019,11842,59.08595732263681,11.498404769493327,AKERSHUS,VIKEN
0228,Rælingen,2019,18161,59.08595732263681,11.498404769493327,AKERSHUS,VIKEN
0229,Enebakk,2019,11026,59.08595732263681,11.498404769493327,AKERSHUS,VIKEN
0230,Lørenskog,2019,40106,59.08595732263681,11.498404769493327,AKERSHUS,VIKEN
0231,Skedsmo,2019,55652,59.08595732263681,11.498404769493327,AKERSHUS,VIKEN
0233,Nittedal,2019,24089,59.08595732263681,11.498404769493327,AKERSHUS,VIKEN
0234,Gjerdrum,2019,6823,59.08595732263681,11.498404769493327,AKERSHUS,VIKEN
0235,Ullensaker,2019,38234,59.08595732263681,11.498404769493327,AKERSHUS,VIKEN
0236,Nes,2019,21885,59.08595732263681,11.498404769493327,AKERSHUS,VIKEN
0237,Eidsvoll,2019,24919,59.08595732263681,11.498404769493327,AKERSHUS,VIKEN
0238,Nannestad,2019,13682,59.08595732263681,11.498404769493327,AKERSHUS,VIKEN
0239,Hurdal,2019,2864,59.08595732263681,11.498404769493327,AKERSHUS,VIKEN
0301,Oslo,2019,681071,59.08595732263681,11.498404769493327,OSLO,OSLO
0402,Kongsvinger,2019,17823,59.08595732263681,11.498404769493327,HEDMARK,INNLANDET
0403,Hamar,2019,31144,59.08595732263681,11.498404769493327,HEDMARK,INNLANDET
0412,Ringsaker,2019,34488,59.08595732263681,11.498404769493327,HEDMARK,INNLANDET
0415,Løten,2019,7663,59.08595732263681,11.498404769493327,HEDMARK,INNLANDET
0417,Stange,2019,20916,59.08595732263681,11.498404769493327,HEDMARK,INNLANDET
0418,Nord-Odal,2019,5024,59.08595732263681,11.498404769493327,HEDMARK,INNLANDET
0419,Sør-Odal,2019,7879,59.08595732263681,11.498404769493327,HEDMARK,INNLANDET
0420,Eidskog,2019,6114,59.08595732263681,11.498404769493327,HEDMARK,INNLANDET
0423,Grue,2019,4646,59.08595732263681,11.498404769493327,HEDMARK,INNLANDET
0425,Åsnes,2019,7214,59.08595732263681,11.498404769493327,HEDMARK,INNLANDET
0426,Våler,2019,3705,59.08595732263681,11.498404769493327,HEDMARK,INNLANDET
0427,Elverum,2019,21191,59.08595732263681,11.498404769493327,HEDMARK,INNLANDET
0428,Trysil,2019,6607,59.08595732263681,11.498404769493327,HEDMARK,INNLANDET
0429,Åmot,2019,4407,59.08595732263681,11.498404769493327,HEDMARK,INNLANDET
0430,Stor-Elvdal,2019,2459,59.08595732263681,11.498404769493327,HEDMARK,INNLANDET
0432,Rendalen,2019,1791,59.08595732263681,11.498404769493327,HEDMARK,INNLANDET
0434,Engerdal,2019,1286,59.08595732263681,11.498404769493327,HEDMARK,INNLANDET
0436,Tolga,2019,1551,59.08595732263681,11.498404769493327,HEDMARK,INNLANDET
0437,Tynset,2019,5591,59.08595732263681,11.498404769493327,HEDMARK,INNLANDET
0438,Alvdal,2019,2418,59.08595732263681,11.498404769493327,HEDMARK,INNLANDET
0439,Folldal,2019,1577,59.08595732263681,11.498404769493327,HEDMARK,INNLANDET
0441,Os,2019,1912,59.08595732263681,11.498404769493327,HEDMARK,INNLANDET
0501,Lillehammer,2019,28023,59.08595732263681,11.498404769493327,OPPLAND,VIKEN
0501,Lillehammer,2019,28023,59.08595732263681,11.498404769493327,OPPLAND,INNLANDET
0502,Gjøvik,2019,30676,59.08595732263681,11.498404769493327,OPPLAND,VIKEN
0502,Gjøvik,2019,30676,59.08595732263681,11.498404769493327,OPPLAND,INNLANDET
0511,Dovre,2019,2615,59.08595732263681,11.498404769493327,OPPLAND,VIKEN
0511,Dovre,2019,2615,59.08595732263681,11.498404769493327,OPPLAND,INNLANDET
0512,Lesja,2019,2009,59.08595732263681,11.498404769493327,OPPLAND,VIKEN
0512,Lesja,2019,2009,59.08595732263681,11.498404769493327,OPPLAND,INNLANDET
0513,Skjåk,2019,2204,59.08595732263681,11.498404769493327,OPPLAND,VIKEN
0513,Skjåk,2019,2204,59.08595732263681,11.498404769493327,OPPLAND,INNLANDET
0514,Lom,2019,2293,59.08595732263681,11.498404769493327,OPPLAND,VIKEN
0514,Lom,2019,2293,59.08595732263681,11.498404769493327,OPPLAND,INNLANDET
0515,Vågå,2019,3589,59.08595732263681,11.498404769493327,OPPLAND,VIKEN
0515,Vågå,2019,3589,59.08595732263681,11.498404769493327,OPPLAND,INNLANDET
0516,Nord-Fron,2019,5742,59.08595732263681,11.498404769493327,OPPLAND,VIKEN
0516,Nord-Fron,2019,5742,59.08595732263681,11.498404769493327,OPPLAND,INNLANDET
0517,Sel,2019,5789,59.08595732263681,11.498404769493327,OPPLAND,VIKEN
0517,Sel,2019,5789,59.08595732263681,11.498404769493327,OPPLAND,INNLANDET
0519,Sør-Fron,2019,3127,59.08595732263681,11.498404769493327,OPPLAND,VIKEN
0519,Sør-Fron,2019,3127,59.08595732263681,11.498404769493327,OPPLAND,INNLANDET
0520,Ringebu,2019,4425,59.08595732263681,11.498404769493327,OPPLAND,VIKEN
0520,Ringebu,2019,4425,59.08595732263681,11.498404769493327,OPPLAND,INNLANDET
0521,Øyer,2019,5119,59.08595732263681,11.498404769493327,OPPLAND,VIKEN
0521,Øyer,2019,5119,59.08595732263681,11.498404769493327,OPPLAND,INNLANDET
0522,Gausdal,2019,6112,59.08595732263681,11.498404769493327,OPPLAND,VIKEN
0522,Gausdal,2019,6112,59.08595732263681,11.498404769493327,OPPLAND,INNLANDET
0528,Østre Toten,2019,14948,59.08595732263681,11.498404769493327,OPPLAND,VIKEN
0528,Østre Toten,2019,14948,59.08595732263681,11.498404769493327,OPPLAND,INNLANDET
0529,Vestre Toten,2019,13384,59.08595732263681,11.498404769493327,OPPLAND,VIKEN
0529,Vestre Toten,2019,13384,59.08595732263681,11.498404769493327,OPPLAND,INNLANDET
0532,Jevnaker,2019,6846,59.08595732263681,11.498404769493327,OPPLAND,VIKEN
0532,Jevnaker,2019,6846,59.08595732263681,11.498404769493327,OPPLAND,INNLANDET
0533,Lunner,2019,9051,59.08595732263681,11.498404769493327,OPPLAND,VIKEN
0533,Lunner,2019,9051,59.08595732263681,11.498404769493327,OPPLAND,INNLANDET
0534,Gran,2019,13642,59.08595732263681,11.498404769493327,OPPLAND,VIKEN
0534,Gran,2019,13642,59.08595732263681,11.498404769493327,OPPLAND,INNLANDET
0536,Søndre Land,2019,5623,59.08595732263681,11.498404769493327,OPPLAND,VIKEN
0536,Søndre Land,2019,5623,59.08595732263681,11.498404769493327,OPPLAND,INNLANDET
0538,Nordre Land,2019,6671,59.08595732263681,11.498404769493327,OPPLAND,VIKEN
0538,Nordre Land,2019,6671,59.08595732263681,11.498404769493327,OPPLAND,INNLANDET
0540,Sør-Aurdal,2019,2981,59.08595732263681,11.498404769493327,OPPLAND,VIKEN
0540,Sør-Aurdal,2019,2981,59.08595732263681,11.498404769493327,OPPLAND,INNLANDET
0541,Etnedal,2019,1305,59.08595732263681,11.498404769493327,OPPLAND,VIKEN
0541,Etnedal,2019,1305,59.08595732263681,11.498404769493327,OPPLAND,INNLANDET
0542,Nord-Aurdal,2019,6418,59.08595732263681,11.498404769493327,OPPLAND,VIKEN
0542,Nord-Aurdal,2019,6418,59.08595732263681,11.498404769493327,OPPLAND,INNLANDET
0543,Vestre Slidre,2019,2135,59.08595732263681,11.498404769493327,OPPLAND,VIKEN
0543,Vestre Slidre,2019,2135,59.08595732263681,11.498404769493327,OPPLAND,INNLANDET
0544,Øystre Slidre,2019,3208,59.08595732263681,11.498404769493327,OPPLAND,VIKEN
0544,Øystre Slidre,2019,3208,59.08595732263681,11.498404769493327,OPPLAND,INNLANDET
0545,Vang,2019,1610,59.08595732263681,11.498404769493327,OPPLAND,VIKEN
0545,Vang,2019,1610,59.08595732263681,11.498404769493327,OPPLAND,INNLANDET
0602,Drammen,2019,68933,59.08595732263681,11.498404769493327,BUSKERUD,VIKEN
0604,Kongsberg,2019,27481,59.08595732263681,11.498404769493327,BUSKERUD,VIKEN
0605,Ringerike,2019,30442,59.08595732263681,11.498404769493327,BUSKERUD,VIKEN
0612,Hole,2019,6845,59.08595732263681,11.498404769493327,BUSKERUD,VIKEN
0615,Flå,2019,1052,59.08595732263681,11.498404769493327,BUSKERUD,VIKEN
0616,Nes,2019,3315,59.08595732263681,11.498404769493327,BUSKERUD,VIKEN
0617,Gol,2019,4576,59.08595732263681,11.498404769493327,BUSKERUD,VIKEN
0618,Hemsedal,2019,2481,59.08595732263681,11.498404769493327,BUSKERUD,VIKEN
0619,Ål,2019,4671,59.08595732263681,11.498404769493327,BUSKERUD,VIKEN
0620,Hol,2019,4473,59.08595732263681,11.498404769493327,BUSKERUD,VIKEN
0621,Sigdal,2019,3490,59.08595732263681,11.498404769493327,BUSKERUD,VIKEN
0622,Krødsherad,2019,2239,59.08595732263681,11.498404769493327,BUSKERUD,VIKEN
0623,Modum,2019,13980,59.08595732263681,11.498404769493327,BUSKERUD,VIKEN
0624,Øvre Eiker,2019,19117,59.08595732263681,11.498404769493327,BUSKERUD,VIKEN
0625,Nedre Eiker,2019,24963,59.08595732263681,11.498404769493327,BUSKERUD,VIKEN
0626,Lier,2019,26373,59.08595732263681,11.498404769493327,BUSKERUD,VIKEN
0627,Røyken,2019,22635,59.08595732263681,11.498404769493327,BUSKERUD,VIKEN
0628,Hurum,2019,9521,59.08595732263681,11.498404769493327,BUSKERUD,VIKEN
0631,Flesberg,2019,2694,59.08595732263681,11.498404769493327,BUSKERUD,VIKEN
0632,Rollag,2019,1419,59.08595732263681,11.498404769493327,BUSKERUD,VIKEN
0633,Nore og Uvdal,2019,2448,59.08595732263681,11.498404769493327,BUSKERUD,VIKEN
0701,Horten,2019,27334,59.08595732263681,11.498404769493327,VESTFOLD,VIKEN
0701,Horten,2019,27334,59.08595732263681,11.498404769493327,VESTFOLD,VESTFOLD OG TELEMARK
0704,Tønsberg,2019,45976,59.08595732263681,11.498404769493327,VESTFOLD,VIKEN
0704,Tønsberg,2019,45976,59.08595732263681,11.498404769493327,VESTFOLD,VESTFOLD OG TELEMARK
0710,Sandefjord,2019,63271,59.08595732263681,11.498404769493327,VESTFOLD,VIKEN
0710,Sandefjord,2019,63271,59.08595732263681,11.498404769493327,VESTFOLD,VESTFOLD OG TELEMARK
0711,Svelvik,2019,6685,59.08595732263681,11.498404769493327,VESTFOLD,VIKEN
0711,Svelvik,2019,6685,59.08595732263681,11.498404769493327,VESTFOLD,VESTFOLD OG TELEMARK
0712,Larvik,2019,47107,59.08595732263681,11.498404769493327,VESTFOLD,VIKEN
0712,Larvik,2019,47107,59.08595732263681,11.498404769493327,VESTFOLD,VESTFOLD OG TELEMARK
0713,Sande,2019,9904,59.08595732263681,11.498404769493327,VESTFOLD,VIKEN
0713,Sande,2019,9904,59.08595732263681,11.498404769493327,VESTFOLD,VESTFOLD OG TELEMARK
0715,Holmestrand,2019,14371,59.08595732263681,11.498404769493327,VESTFOLD,VIKEN
0715,Holmestrand,2019,14371,59.08595732263681,11.498404769493327,VESTFOLD,VESTFOLD OG TELEMARK
0716,Re,2019,9730,59.08595732263681,11.498404769493327,VESTFOLD,VIKEN
0716,Re,2019,9730,59.08595732263681,11.498404769493327,VESTFOLD,VESTFOLD OG TELEMARK
0729,Færder,2019,26700,59.08595732263681,11.498404769493327,VESTFOLD,VIKEN
0729,Færder,2019,26700,59.08595732263681,11.498404769493327,VESTFOLD,VESTFOLD OG TELEMARK
0805,Porsgrunn,2019,36224,59.08595732263681,11.498404769493327,TELEMARK,VESTFOLD OG TELEMARK
0806,Skien,2019,54645,59.08595732263681,11.498404769493327,TELEMARK,VESTFOLD OG TELEMARK
0807,Notodden,2019,12682,59.08595732263681,11.498404769493327,TELEMARK,VESTFOLD OG TELEMARK
0811,Siljan,2019,2329,59.08595732263681,11.498404769493327,TELEMARK,VESTFOLD OG TELEMARK
0814,Bamble,2019,14089,59.08595732263681,11.498404769493327,TELEMARK,VESTFOLD OG TELEMARK
0815,Kragerø,2019,10406,59.08595732263681,11.498404769493327,TELEMARK,VESTFOLD OG TELEMARK
0817,Drangedal,2019,4080,59.08595732263681,11.498404769493327,TELEMARK,VESTFOLD OG TELEMARK
0819,Nome,2019,6538,59.08595732263681,11.498404769493327,TELEMARK,VESTFOLD OG TELEMARK
0821,Bø,2019,6630,59.08595732263681,11.498404769493327,TELEMARK,VESTFOLD OG TELEMARK
0822,Sauherad,2019,4293,59.08595732263681,11.498404769493327,TELEMARK,VESTFOLD OG TELEMARK
0826,Tinn,2019,5780,59.08595732263681,11.498404769493327,TELEMARK,VESTFOLD OG TELEMARK
0827,Hjartdal,2019,1572,59.08595732263681,11.498404769493327,TELEMARK,VESTFOLD OG TELEMARK
0828,Seljord,2019,2934,59.08595732263681,11.498404769493327,TELEMARK,VESTFOLD OG TELEMARK
0829,Kviteseid,2019,2403,59.08595732263681,11.498404769493327,TELEMARK,VESTFOLD OG TELEMARK
0830,Nissedal,2019,1476,59.08595732263681,11.498404769493327,TELEMARK,VESTFOLD OG TELEMARK
0831,Fyresdal,2019,1286,59.08595732263681,11.498404769493327,TELEMARK,VESTFOLD OG TELEMARK
0833,Tokke,2019,2228,59.08595732263681,11.498404769493327,TELEMARK,VESTFOLD OG TELEMARK
0834,Vinje,2019,3723,59.08595732263681,11.498404769493327,TELEMARK,VESTFOLD OG TELEMARK
0901,Risør,2019,6848,59.08595732263681,11.498404769493327,AUST-AGDER,AGDER
0904,Grimstad,2019,23246,59.08595732263681,11.498404769493327,AUST-AGDER,AGDER
0906,Arendal,2019,44785,59.08595732263681,11.498404769493327,AUST-AGDER,AGDER
0911,Gjerstad,2019,2454,59.08595732263681,11.498404769493327,AUST-AGDER,AGDER
0912,Vegårshei,2019,2093,59.08595732263681,11.498404769493327,AUST-AGDER,AGDER
0914,Tvedestrand,2019,6069,59.08595732263681,11.498404769493327,AUST-AGDER,AGDER
0919,Froland,2019,5845,59.08595732263681,11.498404769493327,AUST-AGDER,AGDER
0926,Lillesand,2019,10990,59.08595732263681,11.498404769493327,AUST-AGDER,AGDER
0928,Birkenes,2019,5212,59.08595732263681,11.498404769493327,AUST-AGDER,AGDER
0929,Åmli,2019,1848,59.08595732263681,11.498404769493327,AUST-AGDER,AGDER
0935,Iveland,2019,1326,59.08595732263681,11.498404769493327,AUST-AGDER,AGDER
0937,Evje og Hornnes,2019,3638,59.08595732263681,11.498404769493327,AUST-AGDER,AGDER
0938,Bygland,2019,1192,59.08595732263681,11.498404769493327,AUST-AGDER,AGDER
0940,Valle,2019,1156,59.08595732263681,11.498404769493327,AUST-AGDER,AGDER
0941,Bykle,2019,953,59.08595732263681,11.498404769493327,AUST-AGDER,AGDER
1001,Kristiansand,2019,92282,59.08595732263681,11.498404769493327,VEST-AGDER,AGDER
1002,Mandal,2019,15659,59.08595732263681,11.498404769493327,VEST-AGDER,AGDER
1003,Farsund,2019,9695,59.08595732263681,11.498404769493327,VEST-AGDER,AGDER
1004,Flekkefjord,2019,9066,59.08595732263681,11.498404769493327,VEST-AGDER,AGDER
1014,Vennesla,2019,14630,59.08595732263681,11.498404769493327,VEST-AGDER,AGDER
1017,Songdalen,2019,6706,59.08595732263681,11.498404769493327,VEST-AGDER,AGDER
1018,Søgne,2019,11403,59.08595732263681,11.498404769493327,VEST-AGDER,AGDER
1021,Marnardal,2019,2297,59.08595732263681,11.498404769493327,VEST-AGDER,AGDER
1026,Åseral,2019,939,59.08595732263681,11.498404769493327,VEST-AGDER,AGDER
1027,Audnedal,2019,1780,59.08595732263681,11.498404769493327,VEST-AGDER,AGDER
1029,Lindesnes,2019,4953,59.08595732263681,11.498404769493327,VEST-AGDER,AGDER
1032,Lyngdal,2019,8609,59.08595732263681,11.498404769493327,VEST-AGDER,AGDER
1034,Hægebostad,2019,1683,59.08595732263681,11.498404769493327,VEST-AGDER,AGDER
1037,Kvinesdal,2019,6048,59.08595732263681,11.498404769493327,VEST-AGDER,AGDER
1046,Sirdal,2019,1839,59.08595732263681,11.498404769493327,VEST-AGDER,AGDER
1101,Eigersund,2019,14830,59.08595732263681,11.498404769493327,ROGALAND,ROGALAND
1102,Sandnes,2019,77246,59.08595732263681,11.498404769493327,ROGALAND,ROGALAND
1103,Stavanger,2019,134037,59.08595732263681,11.498404769493327,ROGALAND,ROGALAND
1106,Haugesund,2019,37250,59.08595732263681,11.498404769493327,ROGALAND,ROGALAND
1111,Sokndal,2019,3305,59.08595732263681,11.498404769493327,ROGALAND,ROGALAND
1112,Lund,2019,3213,59.08595732263681,11.498404769493327,ROGALAND,ROGALAND
1114,Bjerkreim,2019,2807,59.08595732263681,11.498404769493327,ROGALAND,ROGALAND
1119,Hå,2019,18814,59.08595732263681,11.498404769493327,ROGALAND,ROGALAND
1120,Klepp,2019,19354,59.08595732263681,11.498404769493327,ROGALAND,ROGALAND
1121,Time,2019,18795,59.08595732263681,11.498404769493327,ROGALAND,ROGALAND
1122,Gjesdal,2019,11899,59.08595732263681,11.498404769493327,ROGALAND,ROGALAND
1124,Sola,2019,26582,59.08595732263681,11.498404769493327,ROGALAND,ROGALAND
1127,Randaberg,2019,11053,59.08595732263681,11.498404769493327,ROGALAND,ROGALAND
1129,Forsand,2019,1193,59.08595732263681,11.498404769493327,ROGALAND,ROGALAND
1130,Strand,2019,12720,59.08595732263681,11.498404769493327,ROGALAND,ROGALAND
1133,Hjelmeland,2019,2684,59.08595732263681,11.498404769493327,ROGALAND,ROGALAND
1134,Suldal,2019,3794,59.08595732263681,11.498404769493327,ROGALAND,ROGALAND
1135,Sauda,2019,4597,59.08595732263681,11.498404769493327,ROGALAND,ROGALAND
1141,Finnøy,2019,3150,59.08595732263681,11.498404769493327,ROGALAND,ROGALAND
1142,Rennesøy,2019,4847,59.08595732263681,11.498404769493327,ROGALAND,ROGALAND
1144,,2019,516,59.08595732263681,11.498404769493327,,
1145,Bokn,2019,840,59.08595732263681,11.498404769493327,ROGALAND,ROGALAND
1146,Tysvær,2019,11028,59.08595732263681,11.498404769493327,ROGALAND,ROGALAND
1149,Karmøy,2019,42161,59.08595732263681,11.498404769493327,ROGALAND,ROGALAND
1151,Utsira,2019,196,59.08595732263681,11.498404769493327,ROGALAND,ROGALAND
1160,Vindafjord,2019,8743,59.08595732263681,11.498404769493327,ROGALAND,ROGALAND
1201,Bergen,2019,281190,59.08595732263681,11.498404769493327,HORDALAND,VESTLAND
1211,Etne,2019,4077,59.08595732263681,11.498404769493327,HORDALAND,VESTLAND
1216,Sveio,2019,5721,59.08595732263681,11.498404769493327,HORDALAND,VESTLAND
1219,Bømlo,2019,11960,59.08595732263681,11.498404769493327,HORDALAND,VESTLAND
1221,Stord,2019,18699,59.08595732263681,11.498404769493327,HORDALAND,VESTLAND
1222,Fitjar,2019,3201,59.08595732263681,11.498404769493327,HORDALAND,VESTLAND
1223,Tysnes,2019,2846,59.08595732263681,11.498404769493327,HORDALAND,VESTLAND
1224,Kvinnherad,2019,13137,59.08595732263681,11.498404769493327,HORDALAND,VESTLAND
1227,Jondal,2019,1087,59.08595732263681,11.498404769493327,HORDALAND,VESTLAND
1228,Odda,2019,6745,59.08595732263681,11.498404769493327,HORDALAND,VESTLAND
1231,Ullensvang,2019,3320,59.08595732263681,11.498404769493327,HORDALAND,VESTLAND
1232,Eidfjord,2019,906,59.08595732263681,11.498404769493327,HORDALAND,VESTLAND
1233,Ulvik,2019,1093,59.08595732263681,11.498404769493327,HORDALAND,VESTLAND
1234,Granvin,2019,937,59.08595732263681,11.498404769493327,HORDALAND,VESTLAND
1235,Voss,2019,14606,59.08595732263681,11.498404769493327,HORDALAND,VESTLAND
1238,Kvam,2019,8441,59.08595732263681,11.498404769493327,HORDALAND,VESTLAND
1241,Fusa,2019,3861,59.08595732263681,11.498404769493327,HORDALAND,VESTLAND
1242,Samnanger,2019,2465,59.08595732263681,11.498404769493327,HORDALAND,VESTLAND
1243,Os,2019,20804,59.08595732263681,11.498404769493327,HORDALAND,VESTLAND
1244,Austevoll,2019,5212,59.08595732263681,11.498404769493327,HORDALAND,VESTLAND
1245,Sund,2019,7062,59.08595732263681,11.498404769493327,HORDALAND,VESTLAND
1246,Fjell,2019,26166,59.08595732263681,11.498404769493327,HORDALAND,VESTLAND
1247,Askøy,2019,29275,59.08595732263681,11.498404769493327,HORDALAND,VESTLAND
1251,Vaksdal,2019,4045,59.08595732263681,11.498404769493327,HORDALAND,VESTLAND
1252,Modalen,2019,380,59.08595732263681,11.498404769493327,HORDALAND,VESTLAND
1253,Osterøy,2019,8120,59.08595732263681,11.498404769493327,HORDALAND,VESTLAND
1256,Meland,2019,8187,59.08595732263681,11.498404769493327,HORDALAND,VESTLAND
1259,Øygarden,2019,4889,59.08595732263681,11.498404769493327,HORDALAND,VESTLAND
1260,Radøy,2019,5091,59.08595732263681,11.498404769493327,HORDALAND,VESTLAND
1263,Lindås,2019,15812,59.08595732263681,11.498404769493327,HORDALAND,VESTLAND
1264,Austrheim,2019,2887,59.08595732263681,11.498404769493327,HORDALAND,VESTLAND
1265,Fedje,2019,562,59.08595732263681,11.498404769493327,HORDALAND,VESTLAND
1266,Masfjorden,2019,1711,59.08595732263681,11.498404769493327,HORDALAND,VESTLAND
1401,Flora,2019,11852,59.08595732263681,11.498404769493327,SOGN OG FJORDANE,MØRE OG ROMSDAL
1401,Flora,2019,11852,59.08595732263681,11.498404769493327,SOGN OG FJORDANE,VESTLAND
1411,Gulen,2019,2322,59.08595732263681,11.498404769493327,SOGN OG FJORDANE,MØRE OG ROMSDAL
1411,Gulen,2019,2322,59.08595732263681,11.498404769493327,SOGN OG FJORDANE,VESTLAND
1412,Solund,2019,820,59.08595732263681,11.498404769493327,SOGN OG FJORDANE,MØRE OG ROMSDAL
1412,Solund,2019,820,59.08595732263681,11.498404769493327,SOGN OG FJORDANE,VESTLAND
1413,Hyllestad,2019,1366,59.08595732263681,11.498404769493327,SOGN OG FJORDANE,MØRE OG ROMSDAL
1413,Hyllestad,2019,1366,59.08595732263681,11.498404769493327,SOGN OG FJORDANE,VESTLAND
1416,Høyanger,2019,4091,59.08595732263681,11.498404769493327,SOGN OG FJORDANE,MØRE OG ROMSDAL
1416,Høyanger,2019,4091,59.08595732263681,11.498404769493327,SOGN OG FJORDANE,VESTLAND
1417,Vik,2019,2672,59.08595732263681,11.498404769493327,SOGN OG FJORDANE,MØRE OG ROMSDAL
1417,Vik,2019,2672,59.08595732263681,11.498404769493327,SOGN OG FJORDANE,VESTLAND
1418,Balestrand,2019,1279,59.08595732263681,11.498404769493327,SOGN OG FJORDANE,MØRE OG ROMSDAL
1418,Balestrand,2019,1279,59.08595732263681,11.498404769493327,SOGN OG FJORDANE,VESTLAND
1419,Leikanger,2019,2331,59.08595732263681,11.498404769493327,SOGN OG FJORDANE,MØRE OG ROMSDAL
1419,Leikanger,2019,2331,59.08595732263681,11.498404769493327,SOGN OG FJORDANE,VESTLAND
1420,Sogndal,2019,8191,59.08595732263681,11.498404769493327,SOGN OG FJORDANE,MØRE OG ROMSDAL
1420,Sogndal,2019,8191,59.08595732263681,11.498404769493327,SOGN OG FJORDANE,VESTLAND
1421,Aurland,2019,1764,59.08595732263681,11.498404769493327,SOGN OG FJORDANE,MØRE OG ROMSDAL
1421,Aurland,2019,1764,59.08595732263681,11.498404769493327,SOGN OG FJORDANE,VESTLAND
1422,Lærdal,2019,2151,59.08595732263681,11.498404769493327,SOGN OG FJORDANE,MØRE OG ROMSDAL
1422,Lærdal,2019,2151,59.08595732263681,11.498404769493327,SOGN OG FJORDANE,VESTLAND
1424,Årdal,2019,5245,59.08595732263681,11.498404769493327,SOGN OG FJORDANE,MØRE OG ROMSDAL
1424,Årdal,2019,5245,59.08595732263681,11.498404769493327,SOGN OG FJORDANE,VESTLAND
1426,Luster,2019,5195,59.08595732263681,11.498404769493327,SOGN OG FJORDANE,MØRE OG ROMSDAL
1426,Luster,2019,5195,59.08595732263681,11.498404769493327,SOGN OG FJORDANE,VESTLAND
1428,Askvoll,2019,3038,59.08595732263681,11.498404769493327,SOGN OG FJORDANE,MØRE OG ROMSDAL
1428,Askvoll,2019,3038,59.08595732263681,11.498404769493327,SOGN OG FJORDANE,VESTLAND
1429,Fjaler,2019,2770,59.08595732263681,11.498404769493327,SOGN OG FJORDANE,MØRE OG ROMSDAL
1429,Fjaler,2019,2770,59.08595732263681,11.498404769493327,SOGN OG FJORDANE,VESTLAND
1430,Gaular,2019,3027,59.08595732263681,11.498404769493327,SOGN OG FJORDANE,MØRE OG ROMSDAL
1430,Gaular,2019,3027,59.08595732263681,11.498404769493327,SOGN OG FJORDANE,VESTLAND
1431,Jølster,2019,3047,59.08595732263681,11.498404769493327,SOGN OG FJORDANE,MØRE OG ROMSDAL
1431,Jølster,2019,3047,59.08595732263681,11.498404769493327,SOGN OG FJORDANE,VESTLAND
1432,Førde,2019,13092,59.08595732263681,11.498404769493327,SOGN OG FJORDANE,MØRE OG ROMSDAL
1432,Førde,2019,13092,59.08595732263681,11.498404769493327,SOGN OG FJORDANE,VESTLAND
1433,Naustdal,2019,2793,59.08595732263681,11.498404769493327,SOGN OG FJORDANE,MØRE OG ROMSDAL
1433,Naustdal,2019,2793,59.08595732263681,11.498404769493327,SOGN OG FJORDANE,VESTLAND
1438,Bremanger,2019,3705,59.08595732263681,11.498404769493327,SOGN OG FJORDANE,MØRE OG ROMSDAL
1438,Bremanger,2019,3705,59.08595732263681,11.498404769493327,SOGN OG FJORDANE,VESTLAND
1439,Vågsøy,2019,5970,59.08595732263681,11.498404769493327,SOGN OG FJORDANE,MØRE OG ROMSDAL
1439,Vågsøy,2019,5970,59.08595732263681,11.498404769493327,SOGN OG FJORDANE,VESTLAND
1441,Selje,2019,2747,59.08595732263681,11.498404769493327,SOGN OG FJORDANE,MØRE OG ROMSDAL
1441,Selje,2019,2747,59.08595732263681,11.498404769493327,SOGN OG FJORDANE,VESTLAND
1443,Eid,2019,6151,59.08595732263681,11.498404769493327,SOGN OG FJORDANE,MØRE OG ROMSDAL
1443,Eid,2019,6151,59.08595732263681,11.498404769493327,SOGN OG FJORDANE,VESTLAND
1444,Hornindal,2019,1152,59.08595732263681,11.498404769493327,SOGN OG FJORDANE,MØRE OG ROMSDAL
1444,Hornindal,2019,1152,59.08595732263681,11.498404769493327,SOGN OG FJORDANE,VESTLAND
1445,Gloppen,2019,5836,59.08595732263681,11.498404769493327,SOGN OG FJORDANE,MØRE OG ROMSDAL
1445,Gloppen,2019,5836,59.08595732263681,11.498404769493327,SOGN OG FJORDANE,VESTLAND
1449,Stryn,2019,7167,59.08595732263681,11.498404769493327,SOGN OG FJORDANE,MØRE OG ROMSDAL
1449,Stryn,2019,7167,59.08595732263681,11.498404769493327,SOGN OG FJORDANE,VESTLAND
1502,Molde,2019,27001,59.08595732263681,11.498404769493327,MØRE OG ROMSDAL,MØRE OG ROMSDAL
1502,Molde,2019,27001,59.08595732263681,11.498404769493327,MØRE OG ROMSDAL,TRØNDELAG
1504,Ålesund,2019,47998,59.08595732263681,11.498404769493327,MØRE OG ROMSDAL,MØRE OG ROMSDAL
1504,Ålesund,2019,47998,59.08595732263681,11.498404769493327,MØRE OG ROMSDAL,TRØNDELAG
1505,Kristiansund,2019,24274,59.08595732263681,11.498404769493327,MØRE OG ROMSDAL,MØRE OG ROMSDAL
1505,Kristiansund,2019,24274,59.08595732263681,11.498404769493327,MØRE OG ROMSDAL,TRØNDELAG
1511,Vanylven,2019,3163,59.08595732263681,11.498404769493327,MØRE OG ROMSDAL,MØRE OG ROMSDAL
1511,Vanylven,2019,3163,59.08595732263681,11.498404769493327,MØRE OG ROMSDAL,TRØNDELAG
1514,Sande,2019,2493,59.08595732263681,11.498404769493327,MØRE OG ROMSDAL,MØRE OG ROMSDAL
1514,Sande,2019,2493,59.08595732263681,11.498404769493327,MØRE OG ROMSDAL,TRØNDELAG
1515,Herøy,2019,8927,59.08595732263681,11.498404769493327,MØRE OG ROMSDAL,MØRE OG ROMSDAL
1515,Herøy,2019,8927,59.08595732263681,11.498404769493327,MØRE OG ROMSDAL,TRØNDELAG
1516,Ulstein,2019,8609,59.08595732263681,11.498404769493327,MØRE OG ROMSDAL,MØRE OG ROMSDAL
1516,Ulstein,2019,8609,59.08595732263681,11.498404769493327,MØRE OG ROMSDAL,TRØNDELAG
1517,Hareid,2019,5155,59.08595732263681,11.498404769493327,MØRE OG ROMSDAL,MØRE OG ROMSDAL
1517,Hareid,2019,5155,59.08595732263681,11.498404769493327,MØRE OG ROMSDAL,TRØNDELAG
1519,Volda,2019,9197,59.08595732263681,11.498404769493327,MØRE OG ROMSDAL,MØRE OG ROMSDAL
1519,Volda,2019,9197,59.08595732263681,11.498404769493327,MØRE OG ROMSDAL,TRØNDELAG
1520,Ørsta,2019,10857,59.08595732263681,11.498404769493327,MØRE OG ROMSDAL,MØRE OG ROMSDAL
1520,Ørsta,2019,10857,59.08595732263681,11.498404769493327,MØRE OG ROMSDAL,TRØNDELAG
1523,Ørskog,2019,2250,59.08595732263681,11.498404769493327,MØRE OG ROMSDAL,MØRE OG ROMSDAL
1523,Ørskog,2019,2250,59.08595732263681,11.498404769493327,MØRE OG ROMSDAL,TRØNDELAG
1524,Norddal,2019,1645,59.08595732263681,11.498404769493327,MØRE OG ROMSDAL,MØRE OG ROMSDAL
1524,Norddal,2019,1645,59.08595732263681,11.498404769493327,MØRE OG ROMSDAL,TRØNDELAG
1525,Stranda,2019,4565,59.08595732263681,11.498404769493327,MØRE OG ROMSDAL,MØRE OG ROMSDAL
1525,Stranda,2019,4565,59.08595732263681,11.498404769493327,MØRE OG ROMSDAL,TRØNDELAG
1526,Stordal,2019,947,59.08595732263681,11.498404769493327,MØRE OG ROMSDAL,MØRE OG ROMSDAL
1526,Stordal,2019,947,59.08595732263681,11.498404769493327,MØRE OG ROMSDAL,TRØNDELAG
1528,Sykkylven,2019,7657,59.08595732263681,11.498404769493327,MØRE OG ROMSDAL,MØRE OG ROMSDAL
1528,Sykkylven,2019,7657,59.08595732263681,11.498404769493327,MØRE OG ROMSDAL,TRØNDELAG
1529,Skodje,2019,4764,59.08595732263681,11.498404769493327,MØRE OG ROMSDAL,MØRE OG ROMSDAL
1529,Skodje,2019,4764,59.08595732263681,11.498404769493327,MØRE OG ROMSDAL,TRØNDELAG
1531,Sula,2019,9271,59.08595732263681,11.498404769493327,MØRE OG ROMSDAL,MØRE OG ROMSDAL
1531,Sula,2019,9271,59.08595732263681,11.498404769493327,MØRE OG ROMSDAL,TRØNDELAG
1532,Giske,2019,8398,59.08595732263681,11.498404769493327,MØRE OG ROMSDAL,MØRE OG ROMSDAL
1532,Giske,2019,8398,59.08595732263681,11.498404769493327,MØRE OG ROMSDAL,TRØNDELAG
1534,Haram,2019,9383,59.08595732263681,11.498404769493327,MØRE OG ROMSDAL,MØRE OG ROMSDAL
1534,Haram,2019,9383,59.08595732263681,11.498404769493327,MØRE OG ROMSDAL,TRØNDELAG
1535,Vestnes,2019,6536,59.08595732263681,11.498404769493327,MØRE OG ROMSDAL,MØRE OG ROMSDAL
1535,Vestnes,2019,6536,59.08595732263681,11.498404769493327,MØRE OG ROMSDAL,TRØNDELAG
1539,Rauma,2019,7487,59.08595732263681,11.498404769493327,MØRE OG ROMSDAL,MØRE OG ROMSDAL
1539,Rauma,2019,7487,59.08595732263681,11.498404769493327,MØRE OG ROMSDAL,TRØNDELAG
1543,Nesset,2019,2956,59.08595732263681,11.498404769493327,MØRE OG ROMSDAL,MØRE OG ROMSDAL
1543,Nesset,2019,2956,59.08595732263681,11.498404769493327,MØRE OG ROMSDAL,TRØNDELAG
1545,Midsund,2019,2019,59.08595732263681,11.498404769493327,MØRE OG ROMSDAL,MØRE OG ROMSDAL
1545,Midsund,2019,2019,59.08595732263681,11.498404769493327,MØRE OG ROMSDAL,TRØNDELAG
1546,Sandøy,2019,1238,59.08595732263681,11.498404769493327,MØRE OG ROMSDAL,MØRE OG ROMSDAL
1546,Sandøy,2019,1238,59.08595732263681,11.498404769493327,MØRE OG ROMSDAL,TRØNDELAG
1547,Aukra,2019,3539,59.08595732263681,11.498404769493327,MØRE OG ROMSDAL,MØRE OG ROMSDAL
1547,Aukra,2019,3539,59.08595732263681,11.498404769493327,MØRE OG ROMSDAL,TRØNDELAG
1548,Fræna,2019,9800,59.08595732263681,11.498404769493327,MØRE OG ROMSDAL,MØRE OG ROMSDAL
1548,Fræna,2019,9800,59.08595732263681,11.498404769493327,MØRE OG ROMSDAL,TRØNDELAG
1551,Eide,2019,3433,59.08595732263681,11.498404769493327,MØRE OG ROMSDAL,MØRE OG ROMSDAL
1551,Eide,2019,3433,59.08595732263681,11.498404769493327,MØRE OG ROMSDAL,TRØNDELAG
1554,Averøy,2019,5849,59.08595732263681,11.498404769493327,MØRE OG ROMSDAL,MØRE OG ROMSDAL
1554,Averøy,2019,5849,59.08595732263681,11.498404769493327,MØRE OG ROMSDAL,TRØNDELAG
1557,Gjemnes,2019,2641,59.08595732263681,11.498404769493327,MØRE OG ROMSDAL,MØRE OG ROMSDAL
1557,Gjemnes,2019,2641,59.08595732263681,11.498404769493327,MØRE OG ROMSDAL,TRØNDELAG
1560,Tingvoll,2019,3045,59.08595732263681,11.498404769493327,MØRE OG ROMSDAL,MØRE OG ROMSDAL
1560,Tingvoll,2019,3045,59.08595732263681,11.498404769493327,MØRE OG ROMSDAL,TRØNDELAG
1563,Sunndal,2019,7106,59.08595732263681,11.498404769493327,MØRE OG ROMSDAL,MØRE OG ROMSDAL
1563,Sunndal,2019,7106,59.08595732263681,11.498404769493327,MØRE OG ROMSDAL,TRØNDELAG
1566,Surnadal,2019,5928,59.08595732263681,11.498404769493327,MØRE OG ROMSDAL,MØRE OG ROMSDAL
1566,Surnadal,2019,5928,59.08595732263681,11.498404769493327,MØRE OG ROMSDAL,TRØNDELAG
1571,Halsa,2019,1574,59.08595732263681,11.498404769493327,MØRE OG ROMSDAL,MØRE OG ROMSDAL
1571,Halsa,2019,1574,59.08595732263681,11.498404769493327,MØRE OG ROMSDAL,TRØNDELAG
1573,Smøla,2019,2134,59.08595732263681,11.498404769493327,MØRE OG ROMSDAL,MØRE OG ROMSDAL
1573,Smøla,2019,2134,59.08595732263681,11.498404769493327,MØRE OG ROMSDAL,TRØNDELAG
1576,Aure,2019,3553,59.08595732263681,11.498404769493327,MØRE OG ROMSDAL,MØRE OG ROMSDAL
1576,Aure,2019,3553,59.08595732263681,11.498404769493327,MØRE OG ROMSDAL,TRØNDELAG
1804,Bodø,2019,52024,59.08595732263681,11.498404769493327,NORDLAND,NORDLAND
1804,Bodø,2019,52024,59.08595732263681,11.498404769493327,NORDLAND,TROMS OG FINNMARK
1805,Narvik,2019,18630,59.08595732263681,11.498404769493327,NORDLAND,NORDLAND
1805,Narvik,2019,18630,59.08595732263681,11.498404769493327,NORDLAND,TROMS OG FINNMARK
1811,Bindal,2019,1450,59.08595732263681,11.498404769493327,NORDLAND,NORDLAND
1811,Bindal,2019,1450,59.08595732263681,11.498404769493327,NORDLAND,TROMS OG FINNMARK
1812,Sømna,2019,2014,59.08595732263681,11.498404769493327,NORDLAND,NORDLAND
1812,Sømna,2019,2014,59.08595732263681,11.498404769493327,NORDLAND,TROMS OG FINNMARK
1813,Brønnøy,2019,7916,59.08595732263681,11.498404769493327,NORDLAND,NORDLAND
1813,Brønnøy,2019,7916,59.08595732263681,11.498404769493327,NORDLAND,TROMS OG FINNMARK
1815,Vega,2019,1232,59.08595732263681,11.498404769493327,NORDLAND,NORDLAND
1815,Vega,2019,1232,59.08595732263681,11.498404769493327,NORDLAND,TROMS OG FINNMARK
1816,Vevelstad,2019,497,59.08595732263681,11.498404769493327,NORDLAND,NORDLAND
1816,Vevelstad,2019,497,59.08595732263681,11.498404769493327,NORDLAND,TROMS OG FINNMARK
1818,Herøy,2019,1780,59.08595732263681,11.498404769493327,NORDLAND,NORDLAND
1818,Herøy,2019,1780,59.08595732263681,11.498404769493327,NORDLAND,TROMS OG FINNMARK
1820,Alstahaug,2019,7415,59.08595732263681,11.498404769493327,NORDLAND,NORDLAND
1820,Alstahaug,2019,7415,59.08595732263681,11.498404769493327,NORDLAND,TROMS OG FINNMARK
1822,Leirfjord,2019,2320,59.08595732263681,11.498404769493327,NORDLAND,NORDLAND
1822,Leirfjord,2019,2320,59.08595732263681,11.498404769493327,NORDLAND,TROMS OG FINNMARK
1824,Vefsn,2019,13403,59.08595732263681,11.498404769493327,NORDLAND,NORDLAND
1824,Vefsn,2019,13403,59.08595732263681,11.498404769493327,NORDLAND,TROMS OG FINNMARK
1825,Grane,2019,1493,59.08595732263681,11.498404769493327,NORDLAND,NORDLAND
1825,Grane,2019,1493,59.08595732263681,11.498404769493327,NORDLAND,TROMS OG FINNMARK
1826,Hattfjelldal,2019,1359,59.08595732263681,11.498404769493327,NORDLAND,NORDLAND
1826,Hattfjelldal,2019,1359,59.08595732263681,11.498404769493327,NORDLAND,TROMS OG FINNMARK
1827,Dønna,2019,1391,59.08595732263681,11.498404769493327,NORDLAND,NORDLAND
1827,Dønna,2019,1391,59.08595732263681,11.498404769493327,NORDLAND,TROMS OG FINNMARK
1828,Nesna,2019,1792,59.08595732263681,11.498404769493327,NORDLAND,NORDLAND
1828,Nesna,2019,1792,59.08595732263681,11.498404769493327,NORDLAND,TROMS OG FINNMARK
1832,Hemnes,2019,4501,59.08595732263681,11.498404769493327,NORDLAND,NORDLAND
1832,Hemnes,2019,4501,59.08595732263681,11.498404769493327,NORDLAND,TROMS OG FINNMARK
1833,Rana,2019,26315,59.08595732263681,11.498404769493327,NORDLAND,NORDLAND
1833,Rana,2019,26315,59.08595732263681,11.498404769493327,NORDLAND,TROMS OG FINNMARK
1834,Lurøy,2019,1904,59.08595732263681,11.498404769493327,NORDLAND,NORDLAND
1834,Lurøy,2019,1904,59.08595732263681,11.498404769493327,NORDLAND,TROMS OG FINNMARK
1835,,2019,456,59.08595732263681,11.498404769493327,,
1836,Rødøy,2019,1238,59.08595732263681,11.498404769493327,NORDLAND,NORDLAND
1836,Rødøy,2019,1238,59.08595732263681,11.498404769493327,NORDLAND,TROMS OG FINNMARK
1837,Meløy,2019,6331,59.08595732263681,11.498404769493327,NORDLAND,NORDLAND
1837,Meløy,2019,6331,59.08595732263681,11.498404769493327,NORDLAND,TROMS OG FINNMARK
1838,Gildeskål,2019,1978,59.08595732263681,11.498404769493327,NORDLAND,NORDLAND
1838,Gildeskål,2019,1978,59.08595732263681,11.498404769493327,NORDLAND,TROMS OG FINNMARK
1839,Beiarn,2019,1022,59.08595732263681,11.498404769493327,NORDLAND,NORDLAND
1839,Beiarn,2019,1022,59.08595732263681,11.498404769493327,NORDLAND,TROMS OG FINNMARK
1840,Saltdal,2019,4657,59.08595732263681,11.498404769493327,NORDLAND,NORDLAND
1840,Saltdal,2019,4657,59.08595732263681,11.498404769493327,NORDLAND,TROMS OG FINNMARK
1841,Fauske,2019,9760,59.08595732263681,11.498404769493327,NORDLAND,NORDLAND
1841,Fauske,2019,9760,59.08595732263681,11.498404769493327,NORDLAND,TROMS OG FINNMARK
1845,Sørfold,2019,1975,59.08595732263681,11.498404769493327,NORDLAND,NORDLAND
1845,Sørfold,2019,1975,59.08595732263681,11.498404769493327,NORDLAND,TROMS OG FINNMARK
1848,Steigen,2019,2576,59.08595732263681,11.498404769493327,NORDLAND,NORDLAND
1848,Steigen,2019,2576,59.08595732263681,11.498404769493327,NORDLAND,TROMS OG FINNMARK
1849,Hamarøy,2019,1747,59.08595732263681,11.498404769493327,NORDLAND,NORDLAND
1849,Hamarøy,2019,1747,59.08595732263681,11.498404769493327,NORDLAND,TROMS OG FINNMARK
1850,Tysfjord,2019,1925,59.08595732263681,11.498404769493327,NORDLAND,NORDLAND
1850,Tysfjord,2019,1925,59.08595732263681,11.498404769493327,NORDLAND,TROMS OG FINNMARK
1851,Lødingen,2019,2077,59.08595732263681,11.498404769493327,NORDLAND,NORDLAND
1851,Lødingen,2019,2077,59.08595732263681,11.498404769493327,NORDLAND,TROMS OG FINNMARK
1852,Tjeldsund,2019,1259,59.08595732263681,11.498404769493327,NORDLAND,NORDLAND
1852,Tjeldsund,2019,1259,59.08595732263681,11.498404769493327,NORDLAND,TROMS OG FINNMARK
1853,Evenes,2019,1387,59.08595732263681,11.498404769493327,NORDLAND,NORDLAND
1853,Evenes,2019,1387,59.08595732263681,11.498404769493327,NORDLAND,TROMS OG FINNMARK
1854,Ballangen,2019,2470,59.08595732263681,11.498404769493327,NORDLAND,NORDLAND
1854,Ballangen,2019,2470,59.08595732263681,11.498404769493327,NORDLAND,TROMS OG FINNMARK
1856,,2019,508,59.08595732263681,11.498404769493327,,
1857,Værøy,2019,732,59.08595732263681,11.498404769493327,NORDLAND,NORDLAND
1857,Værøy,2019,732,59.08595732263681,11.498404769493327,NORDLAND,TROMS OG FINNMARK
1859,Flakstad,2019,1292,59.08595732263681,11.498404769493327,NORDLAND,NORDLAND
1859,Flakstad,2019,1292,59.08595732263681,11.498404769493327,NORDLAND,TROMS OG FINNMARK
1860,Vestvågøy,2019,11480,59.08595732263681,11.498404769493327,NORDLAND,NORDLAND
1860,Vestvågøy,2019,11480,59.08595732263681,11.498404769493327,NORDLAND,TROMS OG FINNMARK
1865,Vågan,2019,9595,59.08595732263681,11.498404769493327,NORDLAND,NORDLAND
1865,Vågan,2019,9595,59.08595732263681,11.498404769493327,NORDLAND,TROMS OG FINNMARK
1866,Hadsel,2019,8091,59.08595732263681,11.498404769493327,NORDLAND,NORDLAND
1866,Hadsel,2019,8091,59.08595732263681,11.498404769493327,NORDLAND,TROMS OG FINNMARK
1867,Bø,2019,2616,59.08595732263681,11.498404769493327,NORDLAND,NORDLAND
1867,Bø,2019,2616,59.08595732263681,11.498404769493327,NORDLAND,TROMS OG FINNMARK
1868,Øksnes,2019,4449,59.08595732263681,11.498404769493327,NORDLAND,NORDLAND
1868,Øksnes,2019,4449,59.08595732263681,11.498404769493327,NORDLAND,TROMS OG FINNMARK
1870,Sortland,2019,10518,59.08595732263681,11.498404769493327,NORDLAND,NORDLAND
1870,Sortland,2019,10518,59.08595732263681,11.498404769493327,NORDLAND,TROMS OG FINNMARK
1871,Andøy,2019,4771,59.08595732263681,11.498404769493327,NORDLAND,NORDLAND
1871,Andøy,2019,4771,59.08595732263681,11.498404769493327,NORDLAND,TROMS OG FINNMARK
1874,Moskenes,2019,1039,59.08595732263681,11.498404769493327,NORDLAND,NORDLAND
1874,Moskenes,2019,1039,59.08595732263681,11.498404769493327,NORDLAND,TROMS OG FINNMARK
1902,Tromsø,2019,76649,59.08595732263681,11.498404769493327,TROMS,TROMS OG FINNMARK
1903,Harstad,2019,24827,59.08595732263681,11.498404769493327,TROMS,TROMS OG FINNMARK
1911,Kvæfjord,2019,2858,59.08595732263681,11.498404769493327,TROMS,TROMS OG FINNMARK
1913,Skånland,2019,3009,59.08595732263681,11.498404769493327,TROMS,TROMS OG FINNMARK
1917,Ibestad,2019,1375,59.08595732263681,11.498404769493327,TROMS,TROMS OG FINNMARK
1919,Gratangen,2019,1105,59.08595732263681,11.498404769493327,TROMS,TROMS OG FINNMARK
1920,Lavangen,2019,1042,59.08595732263681,11.498404769493327,TROMS,TROMS OG FINNMARK
1922,Bardu,2019,4030,59.08595732263681,11.498404769493327,TROMS,TROMS OG FINNMARK
1923,Salangen,2019,2183,59.08595732263681,11.498404769493327,TROMS,TROMS OG FINNMARK
1924,Målselv,2019,6805,59.08595732263681,11.498404769493327,TROMS,TROMS OG FINNMARK
1925,Sørreisa,2019,3489,59.08595732263681,11.498404769493327,TROMS,TROMS OG FINNMARK
1926,Dyrøy,2019,1129,59.08595732263681,11.498404769493327,TROMS,TROMS OG FINNMARK
1927,Tranøy,2019,1513,59.08595732263681,11.498404769493327,TROMS,TROMS OG FINNMARK
1928,Torsken,2019,931,59.08595732263681,11.498404769493327,TROMS,TROMS OG FINNMARK
1929,Berg,2019,888,59.08595732263681,11.498404769493327,TROMS,TROMS OG FINNMARK
1931,Lenvik,2019,11679,59.08595732263681,11.498404769493327,TROMS,TROMS OG FINNMARK
1933,Balsfjord,2019,5625,59.08595732263681,11.498404769493327,TROMS,TROMS OG FINNMARK
1936,Karlsøy,2019,2252,59.08595732263681,11.498404769493327,TROMS,TROMS OG FINNMARK
1938,Lyngen,2019,2847,59.08595732263681,11.498404769493327,TROMS,TROMS OG FINNMARK
1939,Storfjord,2019,1841,59.08595732263681,11.498404769493327,TROMS,TROMS OG FINNMARK
1940,Gáivuotna,2019,2097,59.08595732263681,11.498404769493327,TROMS,TROMS OG FINNMARK
1941,Skjervøy,2019,2917,59.08595732263681,11.498404769493327,TROMS,TROMS OG FINNMARK
1942,Nordreisa,2019,4909,59.08595732263681,11.498404769493327,TROMS,TROMS OG FINNMARK
1943,Kvænangen,2019,1202,59.08595732263681,11.498404769493327,TROMS,TROMS OG FINNMARK
2002,Vardø,2019,2081,59.08595732263681,11.498404769493327,FINNMARK,TROMS OG FINNMARK
2003,Vadsø,2019,5894,59.08595732263681,11.498404769493327,FINNMARK,TROMS OG FINNMARK
2004,Hammerfest,2019,10536,59.08595732263681,11.498404769493327,FINNMARK,TROMS OG FINNMARK
2011,Kautokeino,2019,2924,59.08595732263681,11.498404769493327,FINNMARK,TROMS OG FINNMARK
2012,Alta,2019,20665,59.08595732263681,11.498404769493327,FINNMARK,TROMS OG FINNMARK
2014,Loppa,2019,917,59.08595732263681,11.498404769493327,FINNMARK,TROMS OG FINNMARK
2015,Hasvik,2019,1045,59.08595732263681,11.498404769493327,FINNMARK,TROMS OG FINNMARK
2017,Kvalsund,2019,988,59.08595732263681,11.498404769493327,FINNMARK,TROMS OG FINNMARK
2018,Måsøy,2019,1235,59.08595732263681,11.498404769493327,FINNMARK,TROMS OG FINNMARK
2019,Nordkapp,2019,3218,59.08595732263681,11.498404769493327,FINNMARK,TROMS OG FINNMARK
2020,Porsanger,2019,3944,59.08595732263681,11.498404769493327,FINNMARK,TROMS OG FINNMARK
2021,Karasjok,2019,2673,59.08595732263681,11.498404769493327,FINNMARK,TROMS OG FINNMARK
2022,Lebesby,2019,1328,59.08595732263681,11.498404769493327,FINNMARK,TROMS OG FINNMARK
2023,Gamvik,2019,1169,59.08595732263681,11.498404769493327,FINNMARK,TROMS OG FINNMARK
2024,Berlevåg,2019,981,59.08595732263681,11.498404769493327,FINNMARK,TROMS OG FINNMARK
2025,Tana,2019,2900,59.08595732263681,11.498404769493327,FINNMARK,TROMS OG FINNMARK
2027,Nesseby,2019,941,59.08595732263681,11.498404769493327,FINNMARK,TROMS OG FINNMARK
2028,Båtsfjord,2019,2270,59.08595732263681,11.498404769493327,FINNMARK,TROMS OG FINNMARK
2030,Sør-Varanger,2019,10156,59.08595732263681,11.498404769493327,FINNMARK,TROMS OG FINNMARK
5001,Trondheim,2019,196159,59.08595732263681,11.498404769493327,TRØNDELAG,TRØNDELAG
5004,Steinkjer,2019,22090,59.08595732263681,11.498404769493327,TRØNDELAG,TRØNDELAG
5005,Namsos,2019,13113,59.08595732263681,11.498404769493327,TRØNDELAG,TRØNDELAG
5011,Hemne,2019,4228,59.08595732263681,11.498404769493327,TRØNDELAG,TRØNDELAG
5012,Snillfjord,2019,999,59.08595732263681,11.498404769493327,TRØNDELAG,TRØNDELAG
5013,Hitra,2019,4694,59.08595732263681,11.498404769493327,TRØNDELAG,TRØNDELAG
5014,Frøya,2019,5068,59.08595732263681,11.498404769493327,TRØNDELAG,TRØNDELAG
5015,Ørland,2019,5334,59.08595732263681,11.498404769493327,TRØNDELAG,TRØNDELAG
5016,Agdenes,2019,1693,59.08595732263681,11.498404769493327,TRØNDELAG,TRØNDELAG
5017,Bjugn,2019,4904,59.08595732263681,11.498404769493327,TRØNDELAG,TRØNDELAG
5018,Åfjord,2019,3340,59.08595732263681,11.498404769493327,TRØNDELAG,TRØNDELAG
5019,Roan,2019,957,59.08595732263681,11.498404769493327,TRØNDELAG,TRØNDELAG
5020,Osen,2019,947,59.08595732263681,11.498404769493327,TRØNDELAG,TRØNDELAG
5021,Oppdal,2019,6975,59.08595732263681,11.498404769493327,TRØNDELAG,TRØNDELAG
5022,Rennebu,2019,2501,59.08595732263681,11.498404769493327,TRØNDELAG,TRØNDELAG
5023,Meldal,2019,3905,59.08595732263681,11.498404769493327,TRØNDELAG,TRØNDELAG
5024,Orkdal,2019,12086,59.08595732263681,11.498404769493327,TRØNDELAG,TRØNDELAG
5025,Røros,2019,5610,59.08595732263681,11.498404769493327,TRØNDELAG,TRØNDELAG
5026,Holtålen,2019,2025,59.08595732263681,11.498404769493327,TRØNDELAG,TRØNDELAG
5027,Midtre Gauldal,2019,6246,59.08595732263681,11.498404769493327,TRØNDELAG,TRØNDELAG
5028,Melhus,2019,16562,59.08595732263681,11.498404769493327,TRØNDELAG,TRØNDELAG
5029,Skaun,2019,8231,59.08595732263681,11.498404769493327,TRØNDELAG,TRØNDELAG
5030,Klæbu,2019,6076,59.08595732263681,11.498404769493327,TRØNDELAG,TRØNDELAG
5031,Malvik,2019,14040,59.08595732263681,11.498404769493327,TRØNDELAG,TRØNDELAG
5032,Selbu,2019,4088,59.08595732263681,11.498404769493327,TRØNDELAG,TRØNDELAG
5033,Tydal,2019,794,59.08595732263681,11.498404769493327,TRØNDELAG,TRØNDELAG
5034,Meråker,2019,2432,59.08595732263681,11.498404769493327,TRØNDELAG,TRØNDELAG
5035,Stjørdal,2019,24028,59.08595732263681,11.498404769493327,TRØNDELAG,TRØNDELAG
5036,Frosta,2019,2632,59.08595732263681,11.498404769493327,TRØNDELAG,TRØNDELAG
5037,Levanger,2019,20254,59.08595732263681,11.498404769493327,TRØNDELAG,TRØNDELAG
5038,Verdal,2019,14933,59.08595732263681,11.498404769493327,TRØNDELAG,TRØNDELAG
5039,Verran,2019,2449,59.08595732263681,11.498404769493327,TRØNDELAG,TRØNDELAG
5040,Namdalseid,2019,1576,59.08595732263681,11.498404769493327,TRØNDELAG,TRØNDELAG
5041,Snåsa,2019,2100,59.08595732263681,11.498404769493327,TRØNDELAG,TRØNDELAG
5042,Lierne,2019,1386,59.08595732263681,11.498404769493327,TRØNDELAG,TRØNDELAG
5043,Røyrvik,2019,482,59.08595732263681,11.498404769493327,TRØNDELAG,TRØNDELAG
5044,Namsskogan,2019,871,59.08595732263681,11.498404769493327,TRØNDELAG,TRØNDELAG
5045,Grong,2019,2374,59.08595732263681,11.498404769493327,TRØNDELAG,TRØNDELAG
5046,Høylandet,2019,1254,59.08595732263681,11.498404769493327,TRØNDELAG,TRØNDELAG
5047,Overhalla,2019,3879,59.08595732263681,11.498404769493327,TRØNDELAG,TRØNDELAG
5048,Fosnes,2019,605,59.08595732263681,11.498404769493327,TRØNDELAG,TRØNDELAG
5049,Flatanger,2019,1103,59.08595732263681,11.498404769493327,TRØNDELAG,TRØNDELAG
5050,Vikna,2019,4578,59.08595732263681,11.498404769493327,TRØNDELAG,TRØNDELAG
5051,Nærøy,2019,5072,59.08595732263681,11.498404769493327,TRØNDELAG,TRØNDELAG
5052,Leka,2019,567,59.08595732263681,11.498404769493327,TRØNDELAG,TRØNDELAG
5053,Inderøy,2019,6804,59.08595732263681,11.498404769493327,TRØNDELAG,TRØNDELAG
5054,Indre Fosen,2019,9988,59.08595732263681,11.498404769493327,TRØNDELAG,TRØNDELAG
5061,Rindal,2019,2028,59.08595732263681,11.498404769493327,TRØNDELAG,TRØNDELAG
